Bread,Cereal,Cheese,Eggs,Milk,Soap,Towel
Cereal,Diapers,Soap,Towel
Cheese,Juice,Towel
Bread,Cereal,Juice,Milk,Shampoo,Soap,Towel
Bread,Cereal,Cheese,Diapers,Juice,Milk,Shampoo,Soap
Diapers,Milk,Shampoo,Towel
Bread,Cereal,Eggs,Juice,Milk,Soap,Towel
Bread,Diapers,Eggs,Juice
Bread,Cereal,Cheese,Diapers,Milk,Shampoo,Soap,Towel
Cheese,Diapers,Eggs,Juice,Milk,Shampoo,Soap,Towel
Bread,Cereal,Cheese,Shampoo,Soap,Towel
Bread,Cheese,Juice,Soap,Towel
Bread,Cheese,Diapers,Eggs,Juice,Shampoo,Soap
Bread,Diapers,Eggs,Shampoo
Cheese,Diapers,Eggs,Juice,Soap
Bread,Cereal,Shampoo
Juice,Milk,Shampoo,Soap,Towel
Cereal,Cheese,Eggs,Juice,Shampoo,Soap,Towel
Eggs,Shampoo,Soap
Bread,Cheese,Soap
