Cereal,Diapers,Eggs,Juice,Milk,Shampoo,Soap
Bread,Cheese,Diapers,Eggs,Juice,Shampoo,Towel
Bread,Cereal,Cheese,Diapers,Milk,Towel
Bread,Cereal,Cheese,Diapers,Eggs,Juice,Soap,Towel
Bread,Diapers,Juice,Milk,Towel
Bread,Eggs,Juice,Milk
Bread,Cereal,Cheese,Diapers,Eggs,Juice,Milk,Shampoo
Bread,Cheese,Milk,Shampoo,Soap,Towel
Cheese,Diapers,Towel
Cereal,Diapers,Eggs,Milk
Bread,Cereal,Cheese,Diapers,Eggs,Milk,Soap,Towel
Cereal,Cheese,Shampoo,Soap
Cereal,Cheese,Diapers,Juice,Shampoo,Soap,Towel
Cereal,Eggs,Juice
Bread,Cereal,Eggs,Milk,Shampoo,Soap
Cheese,Juice,Milk,Towel
Bread,Cereal,Cheese,Milk,Towel
Bread,Cereal,Cheese,Eggs,Milk
Bread,Cereal,Diapers,Eggs,Juice,Milk,Shampoo,Towel
Cereal,Cheese,Diapers,Milk,Towel
