Cereal,Cheese,Diapers,Eggs,Milk,Soap,Towel
Bread,Cheese,Diapers,Eggs,Juice,Shampoo,Soap,Towel
Bread,Cereal,Cheese,Diapers,Eggs,Juice,Milk,Shampoo
Bread,Cheese,Diapers,Eggs,Juice,Milk,Soap,Towel
Cheese,Juice,Shampoo
Bread,Cheese,Diapers,Eggs,Juice,Towel
Cereal,Cheese,Juice,Milk,Soap
Shampoo,Soap,Towel
Eggs,Milk,Shampoo
Cheese,Soap,Towel
Cereal,Diapers,Juice
Bread,Cheese,Diapers,Juice,Milk,Shampoo,Soap
Eggs,Juice,Milk,Soap
Cereal,Diapers,Shampoo
Bread,Cereal,Cheese,Eggs,Milk,Shampoo,Soap,Towel
Bread,Cereal,Cheese,Eggs,Juice,Milk,Shampoo,Towel
Cheese,Diapers,Juice
Bread,Cereal,Cheese,Eggs,Juice,Milk,Shampoo,Towel
Bread,Shampoo,Soap
Cereal,Cheese,Diapers,Eggs
