Diapers,Eggs,Juice,Milk,Towel
Bread,Cereal,Cheese,Diapers,Eggs,Juice,Shampoo,Towel
Cereal,Cheese,Diapers,Towel
Bread,Cheese,Diapers,Eggs,Juice,Milk,Shampoo,Soap
Bread,Cereal,Cheese,Diapers,Shampoo,Soap,Towel
Bread,Cheese,Diapers,Juice,Shampoo
Cereal,Diapers,Eggs,Shampoo,Soap,Towel
Cereal,Cheese,Diapers,Eggs,Shampoo,Soap
Bread,Cereal,Eggs,Juice,Milk,Soap,Towel
Diapers,Eggs,Milk,Shampoo,Soap,Towel
Cereal,Juice,Milk,Soap
Cereal,Eggs,Towel
Eggs,Juice,Shampoo,Towel
Cereal,Cheese,Diapers,Eggs,Juice,Shampoo,Soap,Towel
Cheese,Milk,Shampoo,Soap
Bread,Cereal,Cheese,Juice,Soap,Towel
Bread,Cheese,Diapers,Eggs,Juice,Soap,Towel
Bread,Cereal,Cheese,Diapers,Eggs,Milk,Soap,Towel
Bread,Cereal,Juice,Shampoo,Towel
Cheese,Diapers,Eggs
