Cereal,Cheese,Diapers,Eggs,Juice,Shampoo,Towel
Bread,Cereal,Diapers,Eggs,Juice,Shampoo,Towel
Bread,Cereal,Cheese,Diapers,Eggs,Juice,Milk,Towel
Bread,Cereal,Cheese,Eggs,Juice,Milk,Towel
Bread,Cereal,Eggs,Juice,Milk,Shampoo,Soap
Bread,Cereal,Diapers,Juice,Milk,Soap
Bread,Cereal,Cheese,Diapers,Eggs,Shampoo,Soap
Bread,Cheese,Diapers,Eggs,Juice,Shampoo,Soap,Towel
Bread,Cereal,Diapers
Bread,Cereal,Cheese,Juice,Milk,Shampoo,Soap
Cereal,Diapers,Juice,Shampoo,Towel
Diapers,Juice,Towel
Bread,Diapers,Eggs,Juice,Towel
Cereal,Juice,Towel
Bread,Cheese,Diapers,Milk,Shampoo,Soap
Cereal,Cheese,Diapers,Milk,Shampoo,Soap
Bread,Cereal,Diapers,Eggs,Shampoo,Soap
Cereal,Eggs,Towel
Eggs,Juice,Milk
Bread,Cereal,Diapers,Eggs,Juice,Milk,Towel
